Month,Insurer,Premium_Rs_Crore,No_of_Policies
2021-04,LIC,10380.41,954228
2021-05,LIC,11124.46,986155
2021-06,LIC,18260.43,1564016
2021-07,LIC,17832.82,1606005
2021-08,LIC,13337.39,1309280
2021-09,LIC,13287.81,1264880
2021-10,LIC,14051.69,1358086
2021-11,LIC,14637.7,1355177
2021-12,LIC,17182.82,1514315
2022-01,LIC,12169.92,1074074
2022-02,LIC,13445.94,1136236
2022-03,LIC,21299.73,1686438
2022-04,LIC,9952.39,905163
2022-05,LIC,12758.08,1285363
2022-06,LIC,15879.76,1317778
2022-07,LIC,14986.73,1344004
2022-08,LIC,13234.18,1377598
2022-09,LIC,14700.39,1232192
2022-10,LIC,13712.67,1233342
2022-11,LIC,9874.67,855818
2022-12,LIC,15773.31,1546087
2023-01,LIC,13892.96,1245696
2023-02,LIC,13462.11,1234891
2023-03,LIC,24178.76,2000645
2023-04,LIC,10775.35,1132122
2023-05,LIC,11706.42,1001395
2023-06,LIC,13757.67,1355394
2023-07,LIC,14585.35,1231264
2023-08,LIC,13694.6,1204124
2023-09,LIC,14108.06,1263314
2023-10,LIC,16465.84,1404349
2023-11,LIC,12766.0,1083194
2023-12,LIC,14118.73,1307457
2024-01,LIC,13320.07,1142305
2024-02,LIC,15142.26,1405324
2024-03,LIC,21128.88,2091301
2024-04,LIC,9856.23,725233
2024-05,LIC,11960.87,1163426
2024-06,LIC,14416.74,1483737
2024-07,LIC,14916.78,1359046
2024-08,LIC,15611.84,1313642
2024-09,LIC,15668.25,1386139
2024-10,LIC,16440.78,1687151
2024-11,LIC,12137.41,986565
2024-12,LIC,15083.77,1352996
2025-01,LIC,14478.7,1384830
2025-02,LIC,14761.71,1319081
2025-03,LIC,22827.02,2014236
2025-04,LIC,11427.88,1004232
2025-05,LIC,13458.14,1324267
2025-06,LIC,13819.7,1284065
2025-07,LIC,15620.36,1769678
2025-08,LIC,15998.05,1359394
2025-09,LIC,17845.91,1572491
2025-10,LIC,14008.76,1261516
2025-11,LIC,14618.51,1277684
2025-12,LIC,15541.42,1515500
2026-01,LIC,14242.63,1283921
2026-02,LIC,15871.7,1262267
2026-03,LIC,22504.89,2242118
2026-04,LIC,11229.74,1022170
2026-05,LIC,13156.43,1233876
2026-06,LIC,15920.14,1537643
2026-07,LIC,15923.54,1704902
2021-04,SBI Life,1723.9,101872
2021-05,SBI Life,2232.73,135078
2021-06,SBI Life,2231.23,149592
2021-07,SBI Life,2823.61,171078
2021-08,SBI Life,3106.36,194633
2021-09,SBI Life,2574.7,164110
2021-10,SBI Life,2934.54,217190
2021-11,SBI Life,2514.3,165023
2021-12,SBI Life,2564.84,163814
2022-01,SBI Life,2457.27,138214
2022-02,SBI Life,2667.11,184119
2022-03,SBI Life,4658.45,309163
2022-04,SBI Life,2048.68,148085
2022-05,SBI Life,3043.81,187310
2022-06,SBI Life,2976.55,170541
2022-07,SBI Life,3105.39,191389
2022-08,SBI Life,2893.69,184348
2022-09,SBI Life,3279.02,214096
2022-10,SBI Life,3360.89,241171
2022-11,SBI Life,2876.58,184734
2022-12,SBI Life,3250.52,192681
2023-01,SBI Life,3439.7,187352
2023-02,SBI Life,2846.18,175271
2023-03,SBI Life,5042.35,363713
2023-04,SBI Life,2506.56,146512
2023-05,SBI Life,2845.42,182478
2023-06,SBI Life,3628.42,219659
2023-07,SBI Life,3570.52,197116
2023-08,SBI Life,3143.86,204410
2023-09,SBI Life,3693.62,200782
2023-10,SBI Life,2964.25,201803
2023-11,SBI Life,3050.23,212771
2023-12,SBI Life,3769.54,233157
2024-01,SBI Life,3441.69,181089
2024-02,SBI Life,3475.92,209500
2024-03,SBI Life,5834.04,362859
2024-04,SBI Life,2792.34,165741
2024-05,SBI Life,3187.99,170457
2024-06,SBI Life,3706.14,221222
2024-07,SBI Life,3864.12,237561
2024-08,SBI Life,3804.05,222622
2024-09,SBI Life,4515.57,252841
2024-10,SBI Life,4399.68,261793
2024-11,SBI Life,4080.85,270415
2024-12,SBI Life,4408.28,272955
2025-01,SBI Life,3752.81,214602
2025-02,SBI Life,4155.52,238734
2025-03,SBI Life,6567.81,402073
2025-04,SBI Life,3409.39,212729
2025-05,SBI Life,2789.56,163198
2025-06,SBI Life,4158.62,240945
2025-07,SBI Life,4483.02,241130
2025-08,SBI Life,4798.65,256019
2025-09,SBI Life,5399.5,326888
2025-10,SBI Life,5037.48,302824
2025-11,SBI Life,4433.27,253114
2025-12,SBI Life,5299.29,337516
2026-01,SBI Life,4034.19,250553
2026-02,SBI Life,4883.47,309857
2026-03,SBI Life,8286.02,560685
2026-04,SBI Life,3924.07,263815
2026-05,SBI Life,4114.92,302590
2026-06,SBI Life,5281.84,389834
2026-07,SBI Life,5373.76,322049
2021-04,HDFC Life,1479.05,73374
2021-05,HDFC Life,1791.82,94648
2021-06,HDFC Life,2303.5,124078
2021-07,HDFC Life,2005.66,100732
2021-08,HDFC Life,2352.33,135353
2021-09,HDFC Life,2353.13,129616
2021-10,HDFC Life,2579.55,143840
2021-11,HDFC Life,2115.54,113476
2021-12,HDFC Life,2560.46,147001
2022-01,HDFC Life,2103.48,119043
2022-02,HDFC Life,2323.56,141021
2022-03,HDFC Life,3636.81,219520
2022-04,HDFC Life,1705.28,92746
2022-05,HDFC Life,2098.7,105006
2022-06,HDFC Life,2405.76,116918
2022-07,HDFC Life,2747.67,149982
2022-08,HDFC Life,2415.03,114008
2022-09,HDFC Life,2599.33,135615
2022-10,HDFC Life,2694.7,147543
2022-11,HDFC Life,2548.72,132100
2022-12,HDFC Life,2944.96,145534
2023-01,HDFC Life,2358.46,130929
2023-02,HDFC Life,2515.02,139878
2023-03,HDFC Life,3353.01,180344
2023-04,HDFC Life,2098.69,115728
2023-05,HDFC Life,2287.96,100087
2023-06,HDFC Life,2766.86,132744
2023-07,HDFC Life,2878.75,142371
2023-08,HDFC Life,3080.01,147112
2023-09,HDFC Life,3083.56,168406
2023-10,HDFC Life,3133.78,166314
2023-11,HDFC Life,3121.16,161334
2023-12,HDFC Life,3352.36,178496
2024-01,HDFC Life,2511.53,120555
2024-02,HDFC Life,2647.89,129861
2024-03,HDFC Life,5412.64,312414
2024-04,HDFC Life,2104.16,105988
2024-05,HDFC Life,2810.81,150776
2024-06,HDFC Life,3005.94,153862
2024-07,HDFC Life,3083.66,149772
2024-08,HDFC Life,3155.23,172820
2024-09,HDFC Life,3562.77,191922
2024-10,HDFC Life,3092.53,179419
2024-11,HDFC Life,3506.68,187520
2024-12,HDFC Life,4275.6,245873
2025-01,HDFC Life,3209.92,159290
2025-02,HDFC Life,3219.72,187920
2025-03,HDFC Life,4832.05,229249
2025-04,HDFC Life,2619.78,149715
2025-05,HDFC Life,3519.13,169992
2025-06,HDFC Life,3657.77,239606
2025-07,HDFC Life,2549.71,151424
2025-08,HDFC Life,3193.24,165331
2025-09,HDFC Life,3312.92,179994
2025-10,HDFC Life,4313.8,238971
2025-11,HDFC Life,3952.83,187212
2025-12,HDFC Life,3561.85,206203
2026-01,HDFC Life,3172.92,159403
2026-02,HDFC Life,2879.7,153955
2026-03,HDFC Life,5789.47,320772
2026-04,HDFC Life,2692.33,152222
2026-05,HDFC Life,2827.27,141076
2026-06,HDFC Life,3699.71,209966
2026-07,HDFC Life,4045.37,208353
2021-04,ICICI Prudential Life,1112.46,70990
2021-05,ICICI Prudential Life,1442.73,75131
2021-06,ICICI Prudential Life,1390.26,78209
2021-07,ICICI Prudential Life,1561.96,117685
2021-08,ICICI Prudential Life,1541.1,97722
2021-09,ICICI Prudential Life,1526.8,87928
2021-10,ICICI Prudential Life,1541.92,90358
2021-11,ICICI Prudential Life,1452.06,80518
2021-12,ICICI Prudential Life,1731.67,91330
2022-01,ICICI Prudential Life,1324.82,84948
2022-02,ICICI Prudential Life,1626.96,100562
2022-03,ICICI Prudential Life,2611.57,136381
2022-04,ICICI Prudential Life,1212.06,73727
2022-05,ICICI Prudential Life,1386.67,83705
2022-06,ICICI Prudential Life,1620.29,81739
2022-07,ICICI Prudential Life,1662.39,90896
2022-08,ICICI Prudential Life,1465.08,93740
2022-09,ICICI Prudential Life,1916.43,120889
2022-10,ICICI Prudential Life,1799.77,107757
2022-11,ICICI Prudential Life,1745.85,101917
2022-12,ICICI Prudential Life,1682.37,90667
2023-01,ICICI Prudential Life,1680.31,89873
2023-02,ICICI Prudential Life,1769.77,102077
2023-03,ICICI Prudential Life,2608.23,164154
2023-04,ICICI Prudential Life,1312.41,80267
2023-05,ICICI Prudential Life,1522.63,83994
2023-06,ICICI Prudential Life,1723.49,109994
2023-07,ICICI Prudential Life,1811.1,111463
2023-08,ICICI Prudential Life,1931.92,102523
2023-09,ICICI Prudential Life,1788.76,102907
2023-10,ICICI Prudential Life,1734.44,91120
2023-11,ICICI Prudential Life,1842.57,89465
2023-12,ICICI Prudential Life,2044.1,113642
2024-01,ICICI Prudential Life,1816.87,103223
2024-02,ICICI Prudential Life,2143.19,113819
2024-03,ICICI Prudential Life,3103.97,181135
2024-04,ICICI Prudential Life,1352.13,80345
2024-05,ICICI Prudential Life,1971.11,111283
2024-06,ICICI Prudential Life,1908.78,116250
2024-07,ICICI Prudential Life,2149.2,155246
2024-08,ICICI Prudential Life,1863.41,122281
2024-09,ICICI Prudential Life,1984.58,119226
2024-10,ICICI Prudential Life,2104.33,126545
2024-11,ICICI Prudential Life,2101.89,125215
2024-12,ICICI Prudential Life,1861.25,100433
2025-01,ICICI Prudential Life,2025.61,119018
2025-02,ICICI Prudential Life,2259.05,131040
2025-03,ICICI Prudential Life,3259.92,206826
2025-04,ICICI Prudential Life,1451.94,100824
2025-05,ICICI Prudential Life,1831.03,129757
2025-06,ICICI Prudential Life,2257.88,137145
2025-07,ICICI Prudential Life,2389.45,152786
2025-08,ICICI Prudential Life,2017.13,96965
2025-09,ICICI Prudential Life,2348.05,135536
2025-10,ICICI Prudential Life,2364.88,141187
2025-11,ICICI Prudential Life,2214.04,121025
2025-12,ICICI Prudential Life,2419.37,131537
2026-01,ICICI Prudential Life,2069.84,128153
2026-02,ICICI Prudential Life,2091.28,113816
2026-03,ICICI Prudential Life,3746.73,204399
2026-04,ICICI Prudential Life,1869.78,106409
2026-05,ICICI Prudential Life,1859.49,117873
2026-06,ICICI Prudential Life,2522.43,139769
2026-07,ICICI Prudential Life,2676.99,146257
2021-04,Axis Max Life,589.73,36031
2021-05,Axis Max Life,757.56,50898
2021-06,Axis Max Life,934.65,65838
2021-07,Axis Max Life,907.49,58296
2021-08,Axis Max Life,899.1,58730
2021-09,Axis Max Life,993.18,64490
2021-10,Axis Max Life,1109.25,95139
2021-11,Axis Max Life,874.42,51603
2021-12,Axis Max Life,963.66,55946
2022-01,Axis Max Life,923.67,58655
2022-02,Axis Max Life,983.63,59346
2022-03,Axis Max Life,1489.26,99310
2022-04,Axis Max Life,811.8,54210
2022-05,Axis Max Life,851.07,59831
2022-06,Axis Max Life,932.4,58226
2022-07,Axis Max Life,1222.24,82913
2022-08,Axis Max Life,1125.54,78133
2022-09,Axis Max Life,1148.69,77311
2022-10,Axis Max Life,1112.45,75507
2022-11,Axis Max Life,1023.54,62224
2022-12,Axis Max Life,1210.5,72048
2023-01,Axis Max Life,1057.44,71169
2023-02,Axis Max Life,987.33,66480
2023-03,Axis Max Life,1793.22,122293
2023-04,Axis Max Life,803.6,45252
2023-05,Axis Max Life,924.9,71902
2023-06,Axis Max Life,1051.06,59169
2023-07,Axis Max Life,1162.98,81846
2023-08,Axis Max Life,1188.36,68552
2023-09,Axis Max Life,1367.57,86408
2023-10,Axis Max Life,1249.03,83193
2023-11,Axis Max Life,1267.73,78089
2023-12,Axis Max Life,1284.73,84863
2024-01,Axis Max Life,1023.02,69761
2024-02,Axis Max Life,1185.68,75334
2024-03,Axis Max Life,2154.65,147896
2024-04,Axis Max Life,931.25,65563
2024-05,Axis Max Life,1205.3,72797
2024-06,Axis Max Life,1194.42,65303
2024-07,Axis Max Life,1135.71,68590
2024-08,Axis Max Life,1431.64,93076
2024-09,Axis Max Life,1540.67,96272
2024-10,Axis Max Life,1493.39,101147
2024-11,Axis Max Life,1008.9,67367
2024-12,Axis Max Life,1542.61,102455
2025-01,Axis Max Life,1268.77,76013
2025-02,Axis Max Life,1486.85,96695
2025-03,Axis Max Life,2191.28,130869
2025-04,Axis Max Life,1001.23,62763
2025-05,Axis Max Life,1158.43,83354
2025-06,Axis Max Life,1257.67,92809
2025-07,Axis Max Life,1602.31,108681
2025-08,Axis Max Life,1705.45,120074
2025-09,Axis Max Life,1637.49,105028
2025-10,Axis Max Life,1441.22,95515
2025-11,Axis Max Life,1441.1,100541
2025-12,Axis Max Life,1621.85,109597
2026-01,Axis Max Life,1605.74,112170
2026-02,Axis Max Life,1625.09,111704
2026-03,Axis Max Life,2575.13,195365
2026-04,Axis Max Life,1133.72,74598
2026-05,Axis Max Life,1371.54,94362
2026-06,Axis Max Life,1660.13,101846
2026-07,Axis Max Life,1691.49,120458
2021-04,Bajaj Allianz Life,644.46,53654
2021-05,Bajaj Allianz Life,704.57,53244
2021-06,Bajaj Allianz Life,647.1,53501
2021-07,Bajaj Allianz Life,841.07,59709
2021-08,Bajaj Allianz Life,770.58,57160
2021-09,Bajaj Allianz Life,954.24,67423
2021-10,Bajaj Allianz Life,922.94,67154
2021-11,Bajaj Allianz Life,898.63,63212
2021-12,Bajaj Allianz Life,902.89,66881
2022-01,Bajaj Allianz Life,820.16,62357
2022-02,Bajaj Allianz Life,851.43,62999
2022-03,Bajaj Allianz Life,1770.3,123541
2022-04,Bajaj Allianz Life,651.11,52588
2022-05,Bajaj Allianz Life,578.99,47918
2022-06,Bajaj Allianz Life,867.05,65546
2022-07,Bajaj Allianz Life,966.04,74027
2022-08,Bajaj Allianz Life,956.68,72508
2022-09,Bajaj Allianz Life,1005.79,74920
2022-10,Bajaj Allianz Life,1035.78,86803
2022-11,Bajaj Allianz Life,813.09,58062
2022-12,Bajaj Allianz Life,980.62,73222
2023-01,Bajaj Allianz Life,887.71,81565
2023-02,Bajaj Allianz Life,927.27,61998
2023-03,Bajaj Allianz Life,1414.23,110356
2023-04,Bajaj Allianz Life,670.1,48781
2023-05,Bajaj Allianz Life,905.24,63025
2023-06,Bajaj Allianz Life,991.25,76859
2023-07,Bajaj Allianz Life,936.28,63577
2023-08,Bajaj Allianz Life,994.13,75011
2023-09,Bajaj Allianz Life,1029.09,83637
2023-10,Bajaj Allianz Life,972.02,67029
2023-11,Bajaj Allianz Life,1014.99,78257
2023-12,Bajaj Allianz Life,1118.35,82994
2024-01,Bajaj Allianz Life,992.99,72843
2024-02,Bajaj Allianz Life,1048.18,76301
2024-03,Bajaj Allianz Life,1547.08,119481
2024-04,Bajaj Allianz Life,739.66,49731
2024-05,Bajaj Allianz Life,875.28,67406
2024-06,Bajaj Allianz Life,1082.32,87841
2024-07,Bajaj Allianz Life,1073.42,82738
2024-08,Bajaj Allianz Life,1047.39,99949
2024-09,Bajaj Allianz Life,1232.22,103874
2024-10,Bajaj Allianz Life,1069.16,82558
2024-11,Bajaj Allianz Life,1217.26,93804
2024-12,Bajaj Allianz Life,1167.79,89637
2025-01,Bajaj Allianz Life,988.76,75829
2025-02,Bajaj Allianz Life,1051.6,82753
2025-03,Bajaj Allianz Life,1886.66,138234
2025-04,Bajaj Allianz Life,902.53,64643
2025-05,Bajaj Allianz Life,1096.83,82022
2025-06,Bajaj Allianz Life,1172.55,85834
2025-07,Bajaj Allianz Life,1186.98,84856
2025-08,Bajaj Allianz Life,1307.52,106447
2025-09,Bajaj Allianz Life,1226.01,92789
2025-10,Bajaj Allianz Life,1177.91,94256
2025-11,Bajaj Allianz Life,1077.92,86583
2025-12,Bajaj Allianz Life,1276.29,83812
2026-01,Bajaj Allianz Life,1064.01,77194
2026-02,Bajaj Allianz Life,1211.11,92275
2026-03,Bajaj Allianz Life,1865.5,141111
2026-04,Bajaj Allianz Life,885.34,78594
2026-05,Bajaj Allianz Life,1128.22,81119
2026-06,Bajaj Allianz Life,1113.41,97012
2026-07,Bajaj Allianz Life,1153.88,76508
2021-04,Kotak Mahindra Life,459.96,25632
2021-05,Kotak Mahindra Life,464.05,27018
2021-06,Kotak Mahindra Life,631.38,31589
2021-07,Kotak Mahindra Life,630.7,37072
2021-08,Kotak Mahindra Life,588.71,34563
2021-09,Kotak Mahindra Life,670.78,38155
2021-10,Kotak Mahindra Life,665.81,38119
2021-11,Kotak Mahindra Life,524.56,28604
2021-12,Kotak Mahindra Life,660.7,40317
2022-01,Kotak Mahindra Life,625.86,38618
2022-02,Kotak Mahindra Life,623.43,33700
2022-03,Kotak Mahindra Life,927.83,52694
2022-04,Kotak Mahindra Life,481.73,29823
2022-05,Kotak Mahindra Life,562.16,28425
2022-06,Kotak Mahindra Life,701.77,36504
2022-07,Kotak Mahindra Life,718.35,36352
2022-08,Kotak Mahindra Life,691.27,37126
2022-09,Kotak Mahindra Life,717.09,38663
2022-10,Kotak Mahindra Life,712.63,39708
2022-11,Kotak Mahindra Life,667.13,40408
2022-12,Kotak Mahindra Life,753.22,49807
2023-01,Kotak Mahindra Life,668.14,35822
2023-02,Kotak Mahindra Life,754.62,54566
2023-03,Kotak Mahindra Life,807.42,43454
2023-04,Kotak Mahindra Life,508.87,27171
2023-05,Kotak Mahindra Life,606.45,32435
2023-06,Kotak Mahindra Life,710.21,39540
2023-07,Kotak Mahindra Life,767.17,42059
2023-08,Kotak Mahindra Life,759.04,43063
2023-09,Kotak Mahindra Life,840.78,46189
2023-10,Kotak Mahindra Life,834.44,40478
2023-11,Kotak Mahindra Life,761.71,46448
2023-12,Kotak Mahindra Life,815.45,44567
2024-01,Kotak Mahindra Life,748.84,44390
2024-02,Kotak Mahindra Life,785.01,41087
2024-03,Kotak Mahindra Life,1233.33,64625
2024-04,Kotak Mahindra Life,538.74,32249
2024-05,Kotak Mahindra Life,750.41,47211
2024-06,Kotak Mahindra Life,697.11,35670
2024-07,Kotak Mahindra Life,896.02,42196
2024-08,Kotak Mahindra Life,834.72,47251
2024-09,Kotak Mahindra Life,968.43,50957
2024-10,Kotak Mahindra Life,914.75,50583
2024-11,Kotak Mahindra Life,747.42,40963
2024-12,Kotak Mahindra Life,980.35,66005
2025-01,Kotak Mahindra Life,825.18,40014
2025-02,Kotak Mahindra Life,925.48,52081
2025-03,Kotak Mahindra Life,1410.44,76045
2025-04,Kotak Mahindra Life,651.99,40825
2025-05,Kotak Mahindra Life,799.27,48731
2025-06,Kotak Mahindra Life,908.08,49627
2025-07,Kotak Mahindra Life,888.42,48719
2025-08,Kotak Mahindra Life,941.76,52599
2025-09,Kotak Mahindra Life,935.44,51707
2025-10,Kotak Mahindra Life,947.09,50539
2025-11,Kotak Mahindra Life,888.34,47350
2025-12,Kotak Mahindra Life,974.69,54808
2026-01,Kotak Mahindra Life,932.13,63318
2026-02,Kotak Mahindra Life,1122.48,60365
2026-03,Kotak Mahindra Life,1454.79,77847
2026-04,Kotak Mahindra Life,735.65,40019
2026-05,Kotak Mahindra Life,822.3,49908
2026-06,Kotak Mahindra Life,1002.88,52003
2026-07,Kotak Mahindra Life,1002.41,53828
2021-04,Tata AIA Life,385.38,25270
2021-05,Tata AIA Life,543.02,39992
2021-06,Tata AIA Life,500.69,33262
2021-07,Tata AIA Life,524.23,30903
2021-08,Tata AIA Life,587.3,41900
2021-09,Tata AIA Life,543.51,40340
2021-10,Tata AIA Life,615.68,35099
2021-11,Tata AIA Life,572.64,35083
2021-12,Tata AIA Life,676.9,37200
2022-01,Tata AIA Life,513.46,35569
2022-02,Tata AIA Life,650.58,41372
2022-03,Tata AIA Life,980.43,64376
2022-04,Tata AIA Life,501.57,29306
2022-05,Tata AIA Life,499.63,31706
2022-06,Tata AIA Life,559.7,39145
2022-07,Tata AIA Life,578.31,38059
2022-08,Tata AIA Life,700.5,41477
2022-09,Tata AIA Life,638.23,46695
2022-10,Tata AIA Life,691.02,41902
2022-11,Tata AIA Life,622.45,36592
2022-12,Tata AIA Life,718.63,46385
2023-01,Tata AIA Life,657.76,38059
2023-02,Tata AIA Life,684.26,44208
2023-03,Tata AIA Life,1011.65,69884
2023-04,Tata AIA Life,564.88,35194
2023-05,Tata AIA Life,642.36,41927
2023-06,Tata AIA Life,622.67,35460
2023-07,Tata AIA Life,793.3,60725
2023-08,Tata AIA Life,763.54,41133
2023-09,Tata AIA Life,791.99,51348
2023-10,Tata AIA Life,774.9,50633
2023-11,Tata AIA Life,781.74,48393
2023-12,Tata AIA Life,739.28,47025
2024-01,Tata AIA Life,720.12,41885
2024-02,Tata AIA Life,825.4,47773
2024-03,Tata AIA Life,1354.64,116150
2024-04,Tata AIA Life,611.01,41398
2024-05,Tata AIA Life,703.2,41833
2024-06,Tata AIA Life,732.55,41602
2024-07,Tata AIA Life,797.04,48729
2024-08,Tata AIA Life,943.33,59430
2024-09,Tata AIA Life,897.54,65173
2024-10,Tata AIA Life,872.71,57104
2024-11,Tata AIA Life,940.85,53077
2024-12,Tata AIA Life,921.69,61031
2025-01,Tata AIA Life,903.35,54601
2025-02,Tata AIA Life,897.11,50687
2025-03,Tata AIA Life,1507.4,114045
2025-04,Tata AIA Life,675.73,46562
2025-05,Tata AIA Life,799.09,51548
2025-06,Tata AIA Life,957.11,53919
2025-07,Tata AIA Life,1023.51,70722
2025-08,Tata AIA Life,1012.34,58255
2025-09,Tata AIA Life,981.46,65324
2025-10,Tata AIA Life,942.18,58909
2025-11,Tata AIA Life,1035.05,71803
2025-12,Tata AIA Life,1176.0,71659
2026-01,Tata AIA Life,999.99,66379
2026-02,Tata AIA Life,1079.83,68401
2026-03,Tata AIA Life,1754.64,105376
2026-04,Tata AIA Life,751.16,56764
2026-05,Tata AIA Life,944.26,54741
2026-06,Tata AIA Life,1036.7,65188
2026-07,Tata AIA Life,1200.09,68297
2021-04,PNB MetLife,215.2,17670
2021-05,PNB MetLife,279.86,27190
2021-06,PNB MetLife,320.17,26993
2021-07,PNB MetLife,359.69,29396
2021-08,PNB MetLife,346.38,29138
2021-09,PNB MetLife,399.83,33460
2021-10,PNB MetLife,367.66,33498
2021-11,PNB MetLife,363.14,30329
2021-12,PNB MetLife,359.69,29125
2022-01,PNB MetLife,343.44,30862
2022-02,PNB MetLife,381.62,38332
2022-03,PNB MetLife,559.5,49644
2022-04,PNB MetLife,201.67,14445
2022-05,PNB MetLife,336.65,29427
2022-06,PNB MetLife,377.89,33683
2022-07,PNB MetLife,392.11,30861
2022-08,PNB MetLife,351.98,28197
2022-09,PNB MetLife,414.17,36411
2022-10,PNB MetLife,395.86,37458
2022-11,PNB MetLife,376.96,27647
2022-12,PNB MetLife,364.49,30184
2023-01,PNB MetLife,378.86,30637
2023-02,PNB MetLife,373.8,30002
2023-03,PNB MetLife,609.87,54533
2023-04,PNB MetLife,293.03,27500
2023-05,PNB MetLife,317.96,25586
2023-06,PNB MetLife,489.27,36522
2023-07,PNB MetLife,311.39,25303
2023-08,PNB MetLife,398.74,32149
2023-09,PNB MetLife,420.99,37546
2023-10,PNB MetLife,466.6,40167
2023-11,PNB MetLife,355.64,26542
2023-12,PNB MetLife,399.87,30265
2024-01,PNB MetLife,392.06,35012
2024-02,PNB MetLife,401.41,32964
2024-03,PNB MetLife,734.65,53192
2024-04,PNB MetLife,327.68,26070
2024-05,PNB MetLife,366.36,27628
2024-06,PNB MetLife,407.74,35256
2024-07,PNB MetLife,460.88,36419
2024-08,PNB MetLife,400.33,33886
2024-09,PNB MetLife,439.65,37037
2024-10,PNB MetLife,493.47,39146
2024-11,PNB MetLife,428.55,34137
2024-12,PNB MetLife,505.48,40248
2025-01,PNB MetLife,443.57,37886
2025-02,PNB MetLife,494.83,36704
2025-03,PNB MetLife,485.44,44648
2025-04,PNB MetLife,363.76,26732
2025-05,PNB MetLife,378.44,35199
2025-06,PNB MetLife,369.0,32851
2025-07,PNB MetLife,492.06,36800
2025-08,PNB MetLife,452.29,40966
2025-09,PNB MetLife,486.01,40560
2025-10,PNB MetLife,456.35,41169
2025-11,PNB MetLife,451.58,36907
2025-12,PNB MetLife,489.42,38581
2026-01,PNB MetLife,472.1,33837
2026-02,PNB MetLife,506.25,44797
2026-03,PNB MetLife,792.33,71096
2026-04,PNB MetLife,378.04,32482
2026-05,PNB MetLife,416.99,29239
2026-06,PNB MetLife,484.26,42760
2026-07,PNB MetLife,461.23,42046
2021-04,Aditya Birla Sun Life,342.22,24769
2021-05,Aditya Birla Sun Life,437.68,31175
2021-06,Aditya Birla Sun Life,511.13,44672
2021-07,Aditya Birla Sun Life,577.52,38365
2021-08,Aditya Birla Sun Life,497.12,32516
2021-09,Aditya Birla Sun Life,507.48,34456
2021-10,Aditya Birla Sun Life,528.52,34648
2021-11,Aditya Birla Sun Life,527.79,39899
2021-12,Aditya Birla Sun Life,558.46,39959
2022-01,Aditya Birla Sun Life,427.91,30654
2022-02,Aditya Birla Sun Life,576.48,40291
2022-03,Aditya Birla Sun Life,789.69,54406
2022-04,Aditya Birla Sun Life,394.43,26803
2022-05,Aditya Birla Sun Life,517.78,31841
2022-06,Aditya Birla Sun Life,484.81,37386
2022-07,Aditya Birla Sun Life,539.55,35143
2022-08,Aditya Birla Sun Life,522.84,37969
2022-09,Aditya Birla Sun Life,574.41,42782
2022-10,Aditya Birla Sun Life,624.62,47291
2022-11,Aditya Birla Sun Life,578.73,46470
2022-12,Aditya Birla Sun Life,607.86,40331
2023-01,Aditya Birla Sun Life,495.44,34796
2023-02,Aditya Birla Sun Life,601.03,43885
2023-03,Aditya Birla Sun Life,1053.71,74180
2023-04,Aditya Birla Sun Life,462.52,35279
2023-05,Aditya Birla Sun Life,539.2,40551
2023-06,Aditya Birla Sun Life,542.99,35537
2023-07,Aditya Birla Sun Life,568.47,40738
2023-08,Aditya Birla Sun Life,613.15,46680
2023-09,Aditya Birla Sun Life,626.23,49732
2023-10,Aditya Birla Sun Life,584.83,45442
2023-11,Aditya Birla Sun Life,603.63,44647
2023-12,Aditya Birla Sun Life,671.61,45317
2024-01,Aditya Birla Sun Life,608.79,45550
2024-02,Aditya Birla Sun Life,564.57,39811
2024-03,Aditya Birla Sun Life,1011.03,74970
2024-04,Aditya Birla Sun Life,473.18,32696
2024-05,Aditya Birla Sun Life,516.37,31763
2024-06,Aditya Birla Sun Life,653.83,44499
2024-07,Aditya Birla Sun Life,642.2,44805
2024-08,Aditya Birla Sun Life,671.46,52161
2024-09,Aditya Birla Sun Life,741.44,54612
2024-10,Aditya Birla Sun Life,664.95,48238
2024-11,Aditya Birla Sun Life,703.44,52407
2024-12,Aditya Birla Sun Life,749.62,56216
2025-01,Aditya Birla Sun Life,646.25,43559
2025-02,Aditya Birla Sun Life,617.96,49832
2025-03,Aditya Birla Sun Life,1024.12,74972
2025-04,Aditya Birla Sun Life,631.49,40529
2025-05,Aditya Birla Sun Life,616.28,43359
2025-06,Aditya Birla Sun Life,662.44,44636
2025-07,Aditya Birla Sun Life,564.85,38453
2025-08,Aditya Birla Sun Life,754.68,46288
2025-09,Aditya Birla Sun Life,869.55,59575
2025-10,Aditya Birla Sun Life,734.45,53671
2025-11,Aditya Birla Sun Life,633.14,43390
2025-12,Aditya Birla Sun Life,815.78,51923
2026-01,Aditya Birla Sun Life,642.89,51128
2026-02,Aditya Birla Sun Life,768.11,46486
2026-03,Aditya Birla Sun Life,1144.26,94528
2026-04,Aditya Birla Sun Life,565.65,36351
2026-05,Aditya Birla Sun Life,626.69,47481
2026-06,Aditya Birla Sun Life,749.5,47095
2026-07,Aditya Birla Sun Life,761.64,53373
2021-04,Star Union Dai-ichi,120.89,12196
2021-05,Star Union Dai-ichi,150.53,15492
2021-06,Star Union Dai-ichi,187.51,19166
2021-07,Star Union Dai-ichi,173.75,16850
2021-08,Star Union Dai-ichi,170.19,18388
2021-09,Star Union Dai-ichi,153.14,15582
2021-10,Star Union Dai-ichi,182.09,18263
2021-11,Star Union Dai-ichi,174.57,20917
2021-12,Star Union Dai-ichi,178.75,16850
2022-01,Star Union Dai-ichi,213.59,21347
2022-02,Star Union Dai-ichi,188.49,18423
2022-03,Star Union Dai-ichi,252.2,28506
2022-04,Star Union Dai-ichi,133.19,13442
2022-05,Star Union Dai-ichi,157.29,14723
2022-06,Star Union Dai-ichi,194.43,19309
2022-07,Star Union Dai-ichi,192.86,20241
2022-08,Star Union Dai-ichi,186.42,20483
2022-09,Star Union Dai-ichi,209.5,19735
2022-10,Star Union Dai-ichi,185.96,17181
2022-11,Star Union Dai-ichi,196.65,18857
2022-12,Star Union Dai-ichi,203.56,19460
2023-01,Star Union Dai-ichi,189.85,17467
2023-02,Star Union Dai-ichi,209.62,17825
2023-03,Star Union Dai-ichi,280.62,30229
2023-04,Star Union Dai-ichi,161.19,17620
2023-05,Star Union Dai-ichi,175.16,16322
2023-06,Star Union Dai-ichi,190.5,19546
2023-07,Star Union Dai-ichi,207.8,18309
2023-08,Star Union Dai-ichi,205.93,17875
2023-09,Star Union Dai-ichi,215.15,22924
2023-10,Star Union Dai-ichi,205.13,19545
2023-11,Star Union Dai-ichi,211.28,21710
2023-12,Star Union Dai-ichi,221.85,23711
2024-01,Star Union Dai-ichi,177.94,17155
2024-02,Star Union Dai-ichi,235.41,26459
2024-03,Star Union Dai-ichi,329.13,33848
2024-04,Star Union Dai-ichi,142.62,14211
2024-05,Star Union Dai-ichi,181.42,17537
2024-06,Star Union Dai-ichi,221.37,23055
2024-07,Star Union Dai-ichi,233.48,23142
2024-08,Star Union Dai-ichi,202.16,19988
2024-09,Star Union Dai-ichi,231.02,22354
2024-10,Star Union Dai-ichi,223.59,22644
2024-11,Star Union Dai-ichi,188.36,21309
2024-12,Star Union Dai-ichi,233.45,25775
2025-01,Star Union Dai-ichi,200.93,18507
2025-02,Star Union Dai-ichi,185.83,20593
2025-03,Star Union Dai-ichi,332.39,32988
2025-04,Star Union Dai-ichi,163.44,15840
2025-05,Star Union Dai-ichi,188.09,19884
2025-06,Star Union Dai-ichi,231.88,24089
2025-07,Star Union Dai-ichi,231.0,25832
2025-08,Star Union Dai-ichi,235.72,24571
2025-09,Star Union Dai-ichi,248.77,27477
2025-10,Star Union Dai-ichi,243.29,25045
2025-11,Star Union Dai-ichi,232.87,21795
2025-12,Star Union Dai-ichi,263.92,27802
2026-01,Star Union Dai-ichi,209.31,20196
2026-02,Star Union Dai-ichi,241.13,23600
2026-03,Star Union Dai-ichi,408.66,36327
2026-04,Star Union Dai-ichi,167.76,16841
2026-05,Star Union Dai-ichi,197.37,19618
2026-06,Star Union Dai-ichi,223.81,22448
2026-07,Star Union Dai-ichi,244.69,23253
2021-04,Canara HSBC Life,157.91,10736
2021-05,Canara HSBC Life,225.3,19246
2021-06,Canara HSBC Life,238.88,20250
2021-07,Canara HSBC Life,243.73,20084
2021-08,Canara HSBC Life,193.19,17219
2021-09,Canara HSBC Life,258.83,19319
2021-10,Canara HSBC Life,220.9,18145
2021-11,Canara HSBC Life,232.69,16836
2021-12,Canara HSBC Life,279.23,20716
2022-01,Canara HSBC Life,210.51,14977
2022-02,Canara HSBC Life,253.69,19296
2022-03,Canara HSBC Life,369.37,29247
2022-04,Canara HSBC Life,176.13,13392
2022-05,Canara HSBC Life,204.57,16917
2022-06,Canara HSBC Life,185.3,15666
2022-07,Canara HSBC Life,236.05,18616
2022-08,Canara HSBC Life,245.26,17990
2022-09,Canara HSBC Life,264.41,21761
2022-10,Canara HSBC Life,256.1,19571
2022-11,Canara HSBC Life,219.6,17990
2022-12,Canara HSBC Life,284.95,23082
2023-01,Canara HSBC Life,251.04,19614
2023-02,Canara HSBC Life,233.03,18117
2023-03,Canara HSBC Life,410.82,30915
2023-04,Canara HSBC Life,181.84,13622
2023-05,Canara HSBC Life,186.75,14157
2023-06,Canara HSBC Life,246.94,18711
2023-07,Canara HSBC Life,285.82,23843
2023-08,Canara HSBC Life,273.12,18934
2023-09,Canara HSBC Life,297.68,23870
2023-10,Canara HSBC Life,253.45,19540
2023-11,Canara HSBC Life,258.94,19678
2023-12,Canara HSBC Life,286.66,22023
2024-01,Canara HSBC Life,257.88,19593
2024-02,Canara HSBC Life,267.89,18904
2024-03,Canara HSBC Life,413.92,34073
2024-04,Canara HSBC Life,223.83,18182
2024-05,Canara HSBC Life,263.69,20509
2024-06,Canara HSBC Life,281.52,18692
2024-07,Canara HSBC Life,244.11,17482
2024-08,Canara HSBC Life,306.0,24236
2024-09,Canara HSBC Life,307.28,24405
2024-10,Canara HSBC Life,355.38,28264
2024-11,Canara HSBC Life,294.02,24519
2024-12,Canara HSBC Life,326.2,23042
2025-01,Canara HSBC Life,233.56,17103
2025-02,Canara HSBC Life,302.24,20828
2025-03,Canara HSBC Life,483.52,35811
2025-04,Canara HSBC Life,246.37,19067
2025-05,Canara HSBC Life,292.05,19912
2025-06,Canara HSBC Life,317.92,26357
2025-07,Canara HSBC Life,351.15,30332
2025-08,Canara HSBC Life,308.24,22558
2025-09,Canara HSBC Life,333.36,28909
2025-10,Canara HSBC Life,345.43,28887
2025-11,Canara HSBC Life,367.36,31077
2025-12,Canara HSBC Life,341.82,23998
2026-01,Canara HSBC Life,335.75,27947
2026-02,Canara HSBC Life,339.52,27179
2026-03,Canara HSBC Life,489.39,38661
2026-04,Canara HSBC Life,243.42,18523
2026-05,Canara HSBC Life,283.05,22620
2026-06,Canara HSBC Life,317.23,27187
2026-07,Canara HSBC Life,376.54,32116
2021-04,Pramerica Life,72.12,7538
2021-05,Pramerica Life,78.45,8211
2021-06,Pramerica Life,88.12,8963
2021-07,Pramerica Life,88.53,10159
2021-08,Pramerica Life,91.32,10026
2021-09,Pramerica Life,92.35,10296
2021-10,Pramerica Life,94.92,10525
2021-11,Pramerica Life,99.19,10652
2021-12,Pramerica Life,106.24,11504
2022-01,Pramerica Life,89.85,8946
2022-02,Pramerica Life,89.32,9282
2022-03,Pramerica Life,146.07,15753
2022-04,Pramerica Life,69.83,8456
2022-05,Pramerica Life,79.92,8593
2022-06,Pramerica Life,86.68,9583
2022-07,Pramerica Life,98.24,10744
2022-08,Pramerica Life,84.59,9972
2022-09,Pramerica Life,104.03,11697
2022-10,Pramerica Life,102.65,11239
2022-11,Pramerica Life,85.12,9314
2022-12,Pramerica Life,109.19,11958
2023-01,Pramerica Life,91.81,9669
2023-02,Pramerica Life,96.51,10567
2023-03,Pramerica Life,146.17,15848
2023-04,Pramerica Life,60.34,6730
2023-05,Pramerica Life,77.01,8474
2023-06,Pramerica Life,90.34,9081
2023-07,Pramerica Life,103.61,11625
2023-08,Pramerica Life,105.06,11977
2023-09,Pramerica Life,99.58,11770
2023-10,Pramerica Life,107.21,11527
2023-11,Pramerica Life,99.68,10611
2023-12,Pramerica Life,116.46,12702
2024-01,Pramerica Life,91.91,9842
2024-02,Pramerica Life,97.58,10220
2024-03,Pramerica Life,211.7,23939
2024-04,Pramerica Life,71.6,9095
2024-05,Pramerica Life,85.45,8587
2024-06,Pramerica Life,101.27,11118
2024-07,Pramerica Life,93.65,9629
2024-08,Pramerica Life,106.31,13520
2024-09,Pramerica Life,103.53,10867
2024-10,Pramerica Life,98.92,10962
2024-11,Pramerica Life,99.35,10464
2024-12,Pramerica Life,102.57,9835
2025-01,Pramerica Life,109.07,12018
2025-02,Pramerica Life,111.31,12662
2025-03,Pramerica Life,166.96,17277
2025-04,Pramerica Life,77.06,11854
2025-05,Pramerica Life,86.35,9323
2025-06,Pramerica Life,102.47,10995
2025-07,Pramerica Life,93.43,10219
2025-08,Pramerica Life,105.84,10922
2025-09,Pramerica Life,122.01,12375
2025-10,Pramerica Life,115.09,11794
2025-11,Pramerica Life,103.69,11596
2025-12,Pramerica Life,123.58,17264
2026-01,Pramerica Life,97.58,11874
2026-02,Pramerica Life,119.81,12492
2026-03,Pramerica Life,158.96,18674
2026-04,Pramerica Life,86.99,9237
2026-05,Pramerica Life,102.64,11638
2026-06,Pramerica Life,119.65,15415
2026-07,Pramerica Life,116.87,13883
2021-04,Bharti AXA Life,88.89,9313
2021-05,Bharti AXA Life,106.33,12086
2021-06,Bharti AXA Life,121.43,11409
2021-07,Bharti AXA Life,135.69,10865
2021-08,Bharti AXA Life,126.88,11752
2021-09,Bharti AXA Life,129.84,12487
2021-10,Bharti AXA Life,121.66,11541
2021-11,Bharti AXA Life,112.73,12361
2021-12,Bharti AXA Life,137.55,12795
2022-01,Bharti AXA Life,113.66,10788
2022-02,Bharti AXA Life,124.82,13039
2022-03,Bharti AXA Life,189.41,19049
2022-04,Bharti AXA Life,89.53,8638
2022-05,Bharti AXA Life,112.11,10718
2022-06,Bharti AXA Life,132.36,13194
2022-07,Bharti AXA Life,129.75,13545
2022-08,Bharti AXA Life,116.51,11917
2022-09,Bharti AXA Life,129.37,13896
2022-10,Bharti AXA Life,132.75,12467
2022-11,Bharti AXA Life,126.28,14177
2022-12,Bharti AXA Life,135.07,14236
2023-01,Bharti AXA Life,110.94,12440
2023-02,Bharti AXA Life,135.6,14572
2023-03,Bharti AXA Life,194.07,22477
2023-04,Bharti AXA Life,91.03,9223
2023-05,Bharti AXA Life,111.75,10743
2023-06,Bharti AXA Life,115.28,11067
2023-07,Bharti AXA Life,127.82,12521
2023-08,Bharti AXA Life,124.95,14419
2023-09,Bharti AXA Life,138.8,14776
2023-10,Bharti AXA Life,147.27,15486
2023-11,Bharti AXA Life,112.18,12119
2023-12,Bharti AXA Life,132.94,14038
2024-01,Bharti AXA Life,116.17,12631
2024-02,Bharti AXA Life,132.11,12805
2024-03,Bharti AXA Life,201.7,20618
2024-04,Bharti AXA Life,105.93,9631
2024-05,Bharti AXA Life,120.72,13292
2024-06,Bharti AXA Life,116.88,10881
2024-07,Bharti AXA Life,144.64,14156
2024-08,Bharti AXA Life,132.3,12943
2024-09,Bharti AXA Life,153.12,14001
2024-10,Bharti AXA Life,140.78,14372
2024-11,Bharti AXA Life,135.71,13638
2024-12,Bharti AXA Life,142.12,13749
2025-01,Bharti AXA Life,127.71,12951
2025-02,Bharti AXA Life,139.27,13719
2025-03,Bharti AXA Life,211.2,24234
2025-04,Bharti AXA Life,101.17,10187
2025-05,Bharti AXA Life,110.43,10465
2025-06,Bharti AXA Life,102.85,9837
2025-07,Bharti AXA Life,133.49,15708
2025-08,Bharti AXA Life,152.73,13507
2025-09,Bharti AXA Life,156.74,16102
2025-10,Bharti AXA Life,130.01,13058
2025-11,Bharti AXA Life,139.15,17374
2025-12,Bharti AXA Life,147.73,13219
2026-01,Bharti AXA Life,128.25,11809
2026-02,Bharti AXA Life,150.67,15358
2026-03,Bharti AXA Life,225.53,20469
2026-04,Bharti AXA Life,107.53,11182
2026-05,Bharti AXA Life,135.7,13569
2026-06,Bharti AXA Life,142.93,15971
2026-07,Bharti AXA Life,143.25,14360
2021-04,Shriram Life,57.17,7772
2021-05,Shriram Life,81.83,10648
2021-06,Shriram Life,100.48,12226
2021-07,Shriram Life,97.24,11842
2021-08,Shriram Life,93.42,12502
2021-09,Shriram Life,93.74,11237
2021-10,Shriram Life,108.05,12939
2021-11,Shriram Life,91.53,12841
2021-12,Shriram Life,107.65,14440
2022-01,Shriram Life,88.03,10991
2022-02,Shriram Life,108.57,13066
2022-03,Shriram Life,159.68,17706
2022-04,Shriram Life,78.49,10596
2022-05,Shriram Life,84.91,10017
2022-06,Shriram Life,107.64,12533
2022-07,Shriram Life,105.74,12783
2022-08,Shriram Life,104.54,13397
2022-09,Shriram Life,104.34,12444
2022-10,Shriram Life,102.12,13368
2022-11,Shriram Life,104.89,12659
2022-12,Shriram Life,104.7,15403
2023-01,Shriram Life,108.51,12508
2023-02,Shriram Life,91.8,11472
2023-03,Shriram Life,179.02,19003
2023-04,Shriram Life,76.41,9359
2023-05,Shriram Life,98.47,13156
2023-06,Shriram Life,113.34,14437
2023-07,Shriram Life,71.73,8784
2023-08,Shriram Life,115.09,13456
2023-09,Shriram Life,118.97,14450
2023-10,Shriram Life,120.47,14394
2023-11,Shriram Life,108.94,12050
2023-12,Shriram Life,120.11,15351
2024-01,Shriram Life,114.75,11477
2024-02,Shriram Life,140.89,22079
2024-03,Shriram Life,197.35,25605
2024-04,Shriram Life,84.33,9804
2024-05,Shriram Life,98.03,12049
2024-06,Shriram Life,112.23,12664
2024-07,Shriram Life,107.24,12772
2024-08,Shriram Life,110.05,15591
2024-09,Shriram Life,123.48,18742
2024-10,Shriram Life,101.06,11724
2024-11,Shriram Life,119.28,14553
2024-12,Shriram Life,124.06,15204
2025-01,Shriram Life,115.18,15097
2025-02,Shriram Life,131.4,13462
2025-03,Shriram Life,155.92,18354
2025-04,Shriram Life,98.55,11667
2025-05,Shriram Life,108.81,13730
2025-06,Shriram Life,122.54,14945
2025-07,Shriram Life,134.13,16359
2025-08,Shriram Life,118.33,14335
2025-09,Shriram Life,127.77,14861
2025-10,Shriram Life,123.91,16526
2025-11,Shriram Life,130.42,16508
2025-12,Shriram Life,130.3,14522
2026-01,Shriram Life,129.41,15438
2026-02,Shriram Life,121.37,14162
2026-03,Shriram Life,188.81,21684
2026-04,Shriram Life,99.8,13499
2026-05,Shriram Life,103.84,12368
2026-06,Shriram Life,132.63,15788
2026-07,Shriram Life,128.05,14358
